{
  "fit_date": "2026-06-18",
  "base": "drift",
  "n_cards": 1000,
  "max_horizon": 30,
  "regime_thresholds": {
    "sigma_annual": [
      0.1047,
      0.2394
    ]
  },
  "regimes": {
    "calm": {
      "bands": {
        "0.50": [
          0.000529,
          0.001199,
          0.001887,
          0.002637,
          0.00342,
          0.004428,
          0.004806,
          0.00551,
          0.005633,
          0.006802,
          0.008947,
          0.009816,
          0.010805,
          0.012171,
          0.012316,
          0.013506,
          0.013911,
          0.015076,
          0.015951,
          0.017465,
          0.018649,
          0.01937,
          0.019296,
          0.019561,
          0.020893,
          0.022376,
          0.02224,
          0.02297,
          0.023189,
          0.02337
        ],
        "0.90": [
          0.003085,
          0.008589,
          0.011723,
          0.014345,
          0.018052,
          0.021458,
          0.026047,
          0.034028,
          0.035855,
          0.04474,
          0.058103,
          0.070829,
          0.075248,
          0.077947,
          0.080878,
          0.080878,
          0.082792,
          0.082619,
          0.087645,
          0.091621,
          0.091099,
          0.105309,
          0.104088,
          0.114332,
          0.11322,
          0.117484,
          0.116679,
          0.118275,
          0.119746,
          0.122744
        ]
      },
      "var95": [
        0.010194,
        0.013421,
        0.014757,
        0.020999,
        0.022251,
        0.025998,
        0.026557,
        0.034719,
        0.035791,
        0.039524,
        0.038462,
        0.050373,
        0.05825,
        0.060004,
        0.063035,
        0.064933,
        0.068577,
        0.07004,
        0.068821,
        0.070594,
        0.061416,
        0.061582,
        0.069647,
        0.071186,
        0.072727,
        0.090494,
        0.092432,
        0.094373,
        0.094913,
        0.094913
      ],
      "var99": [
        0.082128,
        0.120115,
        0.119981,
        0.120587,
        0.120688,
        0.12079,
        0.121726,
        0.121374,
        0.121094,
        0.121196,
        0.121297,
        0.121399,
        0.133712,
        0.136293,
        0.136159,
        0.136026,
        0.135892,
        0.183708,
        0.183674,
        0.18364,
        0.183605,
        0.183571,
        0.359753,
        0.359719,
        0.359685,
        0.359651,
        0.366103,
        0.366069,
        0.366034,
        0.366
      ]
    },
    "medium": {
      "bands": {
        "0.50": [
          0.002243,
          0.0048,
          0.006874,
          0.008855,
          0.010653,
          0.012115,
          0.014554,
          0.015967,
          0.017485,
          0.018121,
          0.021331,
          0.024023,
          0.023741,
          0.026732,
          0.027526,
          0.029151,
          0.031231,
          0.030026,
          0.033537,
          0.035767,
          0.03789,
          0.037168,
          0.040846,
          0.041322,
          0.04029,
          0.041496,
          0.039213,
          0.039917,
          0.042292,
          0.042239
        ],
        "0.90": [
          0.015029,
          0.020171,
          0.027692,
          0.035119,
          0.039415,
          0.042204,
          0.048058,
          0.052085,
          0.056836,
          0.060624,
          0.066256,
          0.074643,
          0.076568,
          0.080484,
          0.083886,
          0.085892,
          0.088625,
          0.097317,
          0.09881,
          0.10218,
          0.104565,
          0.111648,
          0.118444,
          0.123832,
          0.120125,
          0.121436,
          0.13291,
          0.138148,
          0.140526,
          0.144016
        ]
      },
      "var95": [
        0.013054,
        0.016413,
        0.027692,
        0.02984,
        0.042627,
        0.045578,
        0.049312,
        0.053102,
        0.05865,
        0.061929,
        0.074641,
        0.082546,
        0.091668,
        0.090045,
        0.091306,
        0.09783,
        0.102525,
        0.105934,
        0.109263,
        0.116788,
        0.119337,
        0.124801,
        0.13097,
        0.135639,
        0.137905,
        0.131801,
        0.140429,
        0.144328,
        0.140526,
        0.144016
      ],
      "var99": [
        0.053705,
        0.060086,
        0.064503,
        0.092841,
        0.102838,
        0.109314,
        0.180017,
        0.17945,
        0.212765,
        0.245381,
        0.265302,
        0.273939,
        0.298108,
        0.295468,
        0.297069,
        0.285975,
        0.279122,
        0.284979,
        0.296489,
        0.290363,
        0.278599,
        0.264725,
        0.274146,
        0.26946,
        0.261669,
        0.262285,
        0.262901,
        0.283176,
        0.304763,
        0.30538
      ]
    },
    "jumpy": {
      "bands": {
        "0.50": [
          0.005494,
          0.011019,
          0.016574,
          0.02216,
          0.027776,
          0.032498,
          0.037426,
          0.04064,
          0.045225,
          0.046117,
          0.053671,
          0.055224,
          0.05896,
          0.060158,
          0.067306,
          0.070013,
          0.074806,
          0.0786,
          0.079112,
          0.083319,
          0.088227,
          0.089279,
          0.089607,
          0.094088,
          0.097388,
          0.099663,
          0.100077,
          0.100041,
          0.104504,
          0.110801
        ],
        "0.90": [
          0.030394,
          0.05462,
          0.066891,
          0.083408,
          0.099869,
          0.113911,
          0.121993,
          0.125512,
          0.138271,
          0.13949,
          0.177205,
          0.171369,
          0.177911,
          0.185936,
          0.188943,
          0.208387,
          0.209803,
          0.216509,
          0.226834,
          0.222746,
          0.219372,
          0.237839,
          0.259489,
          0.25741,
          0.257258,
          0.263552,
          0.278863,
          0.28404,
          0.293093,
          0.304209
        ]
      },
      "var95": [
        0.037203,
        0.055692,
        0.068738,
        0.083408,
        0.098897,
        0.101498,
        0.113381,
        0.121101,
        0.127602,
        0.135271,
        0.178864,
        0.175896,
        0.173831,
        0.162188,
        0.179782,
        0.182116,
        0.209392,
        0.20952,
        0.215947,
        0.216957,
        0.203969,
        0.223481,
        0.218975,
        0.221391,
        0.230073,
        0.252647,
        0.264112,
        0.267276,
        0.263708,
        0.283546
      ],
      "var99": [
        0.147061,
        0.101576,
        0.136317,
        0.210115,
        0.30282,
        0.364131,
        0.390425,
        0.353925,
        0.328301,
        0.323216,
        0.345442,
        0.311301,
        0.33397,
        0.32748,
        0.318918,
        0.331571,
        0.343861,
        0.362059,
        0.368123,
        0.371323,
        0.360073,
        0.353013,
        0.355634,
        0.360129,
        0.373641,
        0.41385,
        0.420186,
        0.459532,
        0.511441,
        0.526706
      ]
    }
  },
  "bands": {
    "0.50": [
      0.002207,
      0.004502,
      0.006679,
      0.008385,
      0.010448,
      0.012179,
      0.014079,
      0.015904,
      0.017719,
      0.020074,
      0.022974,
      0.025019,
      0.026395,
      0.028372,
      0.029621,
      0.031198,
      0.032814,
      0.032897,
      0.034557,
      0.037057,
      0.040311,
      0.040802,
      0.042466,
      0.043342,
      0.044307,
      0.045382,
      0.046001,
      0.047227,
      0.048118,
      0.049403
    ],