{
  "fit_date": "2026-06-17",
  "base": "drift",
  "n_cards": 1000,
  "max_horizon": 30,
  "regime_thresholds": {
    "sigma_annual": [
      0.103,
      0.2591
    ]
  },
  "regimes": {
    "calm": {
      "bands": {
        "0.50": [
          0.000625,
          0.001348,
          0.002019,
          0.002689,
          0.003586,
          0.004347,
          0.004945,
          0.005642,
          0.006633,
          0.007354,
          0.007996,
          0.009873,
          0.010872,
          0.011336,
          0.011988,
          0.013017,
          0.01416,
          0.014801,
          0.015507,
          0.015951,
          0.017121,
          0.017664,
          0.01759,
          0.017798,
          0.018662,
          0.019682,
          0.020457,
          0.021538,
          0.022805,
          0.024183
        ],
        "0.90": [
          0.0051,
          0.008704,
          0.011661,
          0.013366,
          0.015471,
          0.017331,
          0.024322,
          0.027076,
          0.027622,
          0.029242,
          0.033509,
          0.044052,
          0.049699,
          0.053029,
          0.053919,
          0.061558,
          0.062239,
          0.06112,
          0.060908,
          0.067875,
          0.074697,
          0.0853,
          0.088829,
          0.088979,
          0.088755,
          0.090461,
          0.097721,
          0.104595,
          0.104297,
          0.104871
        ]
      },
      "var95": [
        0.006247,
        0.01218,
        0.016113,
        0.018664,
        0.018014,
        0.021237,
        0.026935,
        0.027774,
        0.027039,
        0.026234,
        0.025934,
        0.041985,
        0.047085,
        0.048806,
        0.047085,
        0.047085,
        0.053204,
        0.054672,
        0.053204,
        0.055421,
        0.056927,
        0.057335,
        0.062352,
        0.065607,
        0.066007,
        0.066407,
        0.066808,
        0.071886,
        0.078347,
        0.078808
      ],
      "var99": [
        0.024934,
        0.035369,
        0.079229,
        0.106786,
        0.142556,
        0.179672,
        0.225599,
        0.236562,
        0.236448,
        0.241671,
        0.265603,
        0.28259,
        0.301984,
        0.285974,
        0.276435,
        0.303252,
        0.278099,
        0.262505,
        0.235561,
        0.232213,
        0.243054,
        0.256883,
        0.26892,
        0.263186,
        0.271491,
        0.266655,
        0.270929,
        0.267288,
        0.272609,
        0.242984
      ]
    },
    "medium": {
      "bands": {
        "0.50": [
          0.002069,
          0.004699,
          0.006714,
          0.008547,
          0.011261,
          0.012637,
          0.014871,
          0.016538,
          0.017982,
          0.019802,
          0.022041,
          0.025628,
          0.028185,
          0.028895,
          0.030596,
          0.032267,
          0.033334,
          0.036197,
          0.036776,
          0.037842,
          0.039372,
          0.039698,
          0.043202,
          0.04453,
          0.045192,
          0.047123,
          0.049724,
          0.050553,
          0.051671,
          0.052795
        ],
        "0.90": [
          0.015591,
          0.027406,
          0.028405,
          0.034652,
          0.042781,
          0.046961,
          0.052916,
          0.057561,
          0.067257,
          0.068717,
          0.070507,
          0.087738,
          0.088937,
          0.098697,
          0.10249,
          0.106851,
          0.112679,
          0.114926,
          0.121929,
          0.124397,
          0.131478,
          0.139558,
          0.146189,
          0.147584,
          0.14776,
          0.149668,
          0.151367,
          0.152892,
          0.154889,
          0.162721
        ]
      },
      "var95": [
        0.018949,
        0.036809,
        0.045441,
        0.045503,
        0.051916,
        0.054989,
        0.060163,
        0.069998,
        0.076094,
        0.076462,
        0.078189,
        0.094344,
        0.098866,
        0.105907,
        0.108025,
        0.113206,
        0.115766,
        0.122118,
        0.127367,
        0.140745,
        0.139507,
        0.143193,
        0.148945,
        0.148352,
        0.14776,
        0.158847,
        0.169614,
        0.180232,
        0.176667,
        0.183466
      ],
      "var99": [
        0.071558,
        0.139291,
        0.186715,
        0.185991,
        0.183416,
        0.182694,
        0.181972,
        0.208102,
        0.207381,
        0.222401,
        0.24807,
        0.247351,
        0.246632,
        0.272765,
        0.295195,
        0.317626,
        0.332694,
        0.356816,
        0.360616,
        0.352469,
        0.356296,
        0.360138,
        0.384328,
        0.41212,
        0.455476,
        0.459372,
        0.423809,
        0.427733,
        0.438848,
        0.4428
      ]
    },
    "jumpy": {
      "bands": {
        "0.50": [
          0.007776,
          0.013305,
          0.018331,
          0.024316,
          0.029034,
          0.035128,
          0.043396,
          0.046815,
          0.05618,
          0.058498,
          0.064518,
          0.068837,
          0.079311,
          0.085023,
          0.084099,
          0.086032,
          0.090828,
          0.096964,
          0.102222,
          0.099794,
          0.104898,
          0.10427,
          0.109581,
          0.116477,
          0.114618,
          0.118624,
          0.126251,
          0.122975,
          0.129848,
          0.138502
        ],
        "0.90": [
          0.031311,
          0.056423,
          0.078993,
          0.099564,
          0.11741,
          0.132484,
          0.128764,
          0.140833,
          0.156527,
          0.175348,
          0.184186,
          0.213947,
          0.249743,
          0.26061,
          0.274483,
          0.281489,
          0.304392,
          0.313648,
          0.320577,
          0.348991,
          0.354724,
          0.35473,
          0.362794,
          0.367264,
          0.380368,
          0.393964,
          0.407169,
          0.423794,
          0.426169,
          0.440198
        ]
      },
      "var95": [
        0.05091,
        0.071311,
        0.099207,
        0.123732,
        0.156901,
        0.180345,
        0.196529,
        0.218277,
        0.253663,
        0.27992,
        0.310289,
        0.349051,
        0.337805,
        0.369902,
        0.407379,
        0.434849,
        0.429903,
        0.451156,
        0.451371,
        0.465654,
        0.487895,
        0.504721,
        0.518018,
        0.559838,
        0.573417,
        0.587809,
        0.617977,
        0.658168,
        0.708036,
        0.724962
      ],
      "var99": [
        0.083017,
        0.172927,
        0.2703,
        0.375757,
        0.489968,
        0.613661,
        0.747623,
        0.892706,
        1.049834,
        1.220005,
        1.404304,
        1.603903,
        1.820072,
        2.054187,
        2.307737,
        2.582337,
        2.879733,
        3.201818,
        3.550642,
        3.928424,
        4.337568,
        4.780679,
        5.260575,
        5.780311,
        6.343195,
        6.952807,
        7.613028,
        8.328058,
        9.102448,
        9.941127
      ]
    }
  },
  "bands": {
    "0.50": [
      0.002143,
      0.004661,
      0.006624,
      0.008589,
      0.010748,
      0.011896,
      0.01472,
      0.016827,
      0.018619,
      0.019807,
      0.021977,
      0.025915,
      0.028458,
      0.030055,
      0.031171,
      0.033358,
      0.035843,
      0.0383,
      0.039626,
      0.041223,
      0.042037,
      0.044588,
      0.045023,
      0.047537,
      0.048802,
      0.050536,
      0.052128,
      0.052838,
      0.05611,
      0.056585
    ],