{
  "fit_date": "2026-06-17",
  "base": "drift",
  "n_cards": 400,
  "max_horizon": 30,
  "bands": {
    "0.50": [
      0.002272,
      0.004742,
      0.006759,
      0.009713,
      0.012237,
      0.013551,
      0.016965,
      0.018243,
      0.020911,
      0.022224,
      0.023798,
      0.026925,
      0.030061,
      0.03215,
      0.033326,
      0.034801,
      0.036802,
      0.037393,
      0.036637,
      0.03803,
      0.039681,
      0.039698,
      0.040235,
      0.042569,
      0.042024,
      0.046804,
      0.052242,
      0.051963,
      0.054242,
      0.056971
    ],
    "0.90": [
      0.024625,
      0.036749,
      0.051141,
      0.05775,
      0.070642,
      0.070252,
      0.083157,
      0.092226,
      0.100524,
      0.108544,
      0.115301,
      0.12239,
      0.143274,
      0.146792,
      0.153218,
      0.159367,
      0.171221,
      0.178777,
      0.187507,
      0.193808,
      0.197465,
      0.199366,
      0.198397,
      0.200141,
      0.222604,
      0.2253,
      0.240108,
      0.241666,
      0.245843,
      0.24323
    ]
  },
  "var95": [
    0.027047,
    0.040362,
    0.051508,
    0.071389,
    0.087092,
    0.087594,
    0.096304,
    0.099138,
    0.115649,
    0.120899,
    0.140116,
    0.142404,
    0.169822,
    0.163269,
    0.182135,
    0.169976,
    0.181425,
    0.196279,
    0.210456,
    0.220056,
    0.222787,
    0.248796,
    0.248473,
    0.263186,
    0.265589,
    0.246971,
    0.268329,
    0.267288,
    0.268299,
    0.262966
  ],
  "var99": [
    0.056413,
    0.096694,
    0.119329,
    0.129123,
    0.155545,
    0.179672,
    0.213419,
    0.231652,
    0.257816,
    0.294315,
    0.326938,
    0.36039,
    0.39469,
    0.376857,
    0.419107,
    0.478051,
    0.520409,
    0.563931,
    0.651879,
    0.697823,
    0.745029,
    0.775813,
    0.808637,
    0.85984,
    0.906778,
    0.960831,
    1.007864,
    1.09044,
    1.149069,
    1.209309
  ]
}